usage_end_time,cost,usage_amount,usage_unit,service_type
2024-08-01 8:00:00,-1e-06,-2638800.0,byte-seconds,Dataplex
2024-08-01 8:00:00,-1e-06,-89208000.0,byte-seconds,Dataplex
2024-08-01 8:00:00,0.0,3222000.0,byte-seconds,Dataplex
2024-08-01 8:00:00,0.0,89208000.0,byte-seconds,Dataplex
2024-08-01 9:00:00,-1e-06,-2638800.0,byte-seconds,Dataplex
2024-08-01 9:00:00,-1e-06,-89208000.0,byte-seconds,Dataplex
2024-08-01 9:00:00,0.0,3222000.0,byte-seconds,Dataplex
2024-08-01 9:00:00,0.0,89208000.0,byte-seconds,Dataplex
2024-08-01 10:00:00,-1e-06,-2638800.0,byte-seconds,Dataplex
2024-08-01 10:00:00,-1e-06,-89208000.0,byte-seconds,Dataplex
2024-08-01 10:00:00,0.0,53700.0,byte-seconds,Dataplex
2024-08-01 10:00:00,0.0,3168300.0,byte-seconds,Dataplex
2024-08-01 10:00:00,0.0,87721200.0,byte-seconds,Dataplex
2024-08-01 10:00:00,0.0,1486800.0,byte-seconds,Dataplex
2024-08-01 11:00:00,-1e-06,-2638800.0,byte-seconds,Dataplex
2024-08-01 11:00:00,-1e-06,-89208000.0,byte-seconds,Dataplex
2024-08-01 11:00:00,0.0,3222000.0,byte-seconds,Dataplex
2024-08-01 11:00:00,0.0,89208000.0,byte-seconds,Dataplex
2024-08-01 12:00:00,-1e-06,-2638800.0,byte-seconds,Dataplex
2024-08-01 12:00:00,-1e-06,-89208000.0,byte-seconds,Dataplex
2024-08-01 12:00:00,0.0,3222000.0,byte-seconds,Dataplex
2024-08-01 12:00:00,0.0,89208000.0,byte-seconds,Dataplex
2024-08-01 13:00:00,-1e-06,-2638800.0,byte-seconds,Dataplex
2024-08-01 13:00:00,-1e-06,-89208000.0,byte-seconds,Dataplex
2024-08-01 13:00:00,0.0,3222000.0,byte-seconds,Dataplex
2024-08-01 13:00:00,0.0,89208000.0,byte-seconds,Dataplex
2024-08-01 14:00:00,-1e-06,-2638800.0,byte-seconds,Dataplex
2024-08-01 14:00:00,-1e-06,-89208000.0,byte-seconds,Dataplex
2024-08-01 14:00:00,0.0,2588340.0,byte-seconds,Dataplex
2024-08-01 14:00:00,0.0,633660.0,byte-seconds,Dataplex
2024-08-01 14:00:00,0.0,71663760.0,byte-seconds,Dataplex
2024-08-01 14:00:00,0.0,17544240.0,byte-seconds,Dataplex
2024-08-01 15:00:00,-1e-06,-2638800.0,byte-seconds,Dataplex
2024-08-01 15:00:00,-1e-06,-89208000.0,byte-seconds,Dataplex
2024-08-01 15:00:00,0.0,1295065.0,byte-seconds,Dataplex
2024-08-01 15:00:00,0.0,1926935.0,byte-seconds,Dataplex
2024-08-01 15:00:00,0.0,89208000.0,byte-seconds,Dataplex
2024-08-01 16:00:00,-1e-06,-2638800.0,byte-seconds,Dataplex
2024-08-01 16:00:00,-1e-06,-89208000.0,byte-seconds,Dataplex
2024-08-01 16:00:00,0.0,2199015.0,byte-seconds,Dataplex
2024-08-01 16:00:00,0.0,807290.0,byte-seconds,Dataplex
2024-08-01 16:00:00,0.0,60884460.0,byte-seconds,Dataplex
2024-08-01 16:00:00,0.0,22351560.0,byte-seconds,Dataplex
2024-08-01 16:00:00,0.0,215695.0,byte-seconds,Dataplex
2024-08-01 16:00:00,0.0,5971980.0,byte-seconds,Dataplex
2024-08-01 17:00:00,-1e-06,-2638800.0,byte-seconds,Dataplex
2024-08-01 17:00:00,-1e-06,-89208000.0,byte-seconds,Dataplex
2024-08-01 17:00:00,0.0,3222000.0,byte-seconds,Dataplex
2024-08-01 17:00:00,0.0,89208000.0,byte-seconds,Dataplex
2024-08-01 18:00:00,-1e-06,-2638800.0,byte-seconds,Dataplex
2024-08-01 18:00:00,-1e-06,-89208000.0,byte-seconds,Dataplex
2024-08-01 18:00:00,0.0,1545665.0,byte-seconds,Dataplex
2024-08-01 18:00:00,0.0,1676335.0,byte-seconds,Dataplex
2024-08-01 18:00:00,0.0,42795060.0,byte-seconds,Dataplex
2024-08-01 18:00:00,0.0,46412940.0,byte-seconds,Dataplex
2024-08-01 19:00:00,-1e-06,-2638800.0,byte-seconds,Dataplex
2024-08-01 19:00:00,-1e-06,-89208000.0,byte-seconds,Dataplex
2024-08-01 19:00:00,0.0,3222000.0,byte-seconds,Dataplex
2024-08-01 19:00:00,0.0,89208000.0,byte-seconds,Dataplex
2024-08-01 20:00:00,-1e-06,-2638800.0,byte-seconds,Dataplex
2024-08-01 20:00:00,-1e-06,-89208000.0,byte-seconds,Dataplex
2024-08-01 20:00:00,0.0,3222000.0,byte-seconds,Dataplex
2024-08-01 20:00:00,0.0,89208000.0,byte-seconds,Dataplex
2024-08-01 21:00:00,-1e-06,-2638800.0,byte-seconds,Dataplex
2024-08-01 21:00:00,-1e-06,-89208000.0,byte-seconds,Dataplex
2024-08-01 21:00:00,0.0,608600.0,byte-seconds,Dataplex
2024-08-01 21:00:00,0.0,2613400.0,byte-seconds,Dataplex
2024-08-01 21:00:00,0.0,89208000.0,byte-seconds,Dataplex
2024-08-01 22:00:00,-1e-06,-2638800.0,byte-seconds,Dataplex
2024-08-01 22:00:00,-1e-06,-89208000.0,byte-seconds,Dataplex
2024-08-01 22:00:00,0.0,3222000.0,byte-seconds,Dataplex
2024-08-01 22:00:00,0.0,89208000.0,byte-seconds,Dataplex
2024-08-01 23:00:00,-1e-06,-2638800.0,byte-seconds,Dataplex
2024-08-01 23:00:00,-1e-06,-89208000.0,byte-seconds,Dataplex
2024-08-01 23:00:00,0.0,141410.0,byte-seconds,Dataplex
2024-08-01 23:00:00,0.0,3015255.0,byte-seconds,Dataplex
2024-08-01 23:00:00,0.0,65335.0,byte-seconds,Dataplex
2024-08-01 23:00:00,0.0,83483820.0,byte-seconds,Dataplex
2024-08-01 23:00:00,0.0,1808940.0,byte-seconds,Dataplex
2024-08-01 23:00:00,0.0,3915240.0,byte-seconds,Dataplex
2024-08-02 0:00:00,-1e-06,-2638800.0,byte-seconds,Dataplex
2024-08-02 0:00:00,-1e-06,-89208000.0,byte-seconds,Dataplex
2024-08-02 0:00:00,0.0,3222000.0,byte-seconds,Dataplex
2024-08-02 0:00:00,0.0,89208000.0,byte-seconds,Dataplex
2024-08-02 1:00:00,-1e-06,-2638800.0,byte-seconds,Dataplex
2024-08-02 1:00:00,-1e-06,-89208000.0,byte-seconds,Dataplex
2024-08-02 1:00:00,0.0,1054310.0,byte-seconds,Dataplex
2024-08-02 1:00:00,0.0,2167690.0,byte-seconds,Dataplex
2024-08-02 1:00:00,0.0,29190840.0,byte-seconds,Dataplex
2024-08-02 1:00:00,0.0,60017160.0,byte-seconds,Dataplex
2024-08-02 2:00:00,-1e-06,-2638800.0,byte-seconds,Dataplex
2024-08-02 2:00:00,-1e-06,-89208000.0,byte-seconds,Dataplex
2024-08-02 2:00:00,0.0,1934990.0,byte-seconds,Dataplex
2024-08-02 2:00:00,0.0,1287010.0,byte-seconds,Dataplex
2024-08-02 2:00:00,0.0,35633640.0,byte-seconds,Dataplex
2024-08-02 2:00:00,0.0,53574360.0,byte-seconds,Dataplex
2024-08-02 3:00:00,-1e-06,-2638800.0,byte-seconds,Dataplex
2024-08-02 3:00:00,-1e-06,-89208000.0,byte-seconds,Dataplex
2024-08-02 3:00:00,0.0,3222000.0,byte-seconds,Dataplex
2024-08-02 3:00:00,0.0,89208000.0,byte-seconds,Dataplex
2024-08-02 4:00:00,-1e-06,-2638800.0,byte-seconds,Dataplex
2024-08-02 4:00:00,-1e-06,-89208000.0,byte-seconds,Dataplex
2024-08-02 4:00:00,0.0,1534925.0,byte-seconds,Dataplex
2024-08-02 4:00:00,0.0,1687075.0,byte-seconds,Dataplex
2024-08-02 4:00:00,0.0,42497700.0,byte-seconds,Dataplex
2024-08-02 4:00:00,0.0,46710300.0,byte-seconds,Dataplex
2024-08-02 5:00:00,-1e-06,-2638800.0,byte-seconds,Dataplex
2024-08-02 5:00:00,-1e-06,-89208000.0,byte-seconds,Dataplex
2024-08-02 5:00:00,0.0,2177535.0,byte-seconds,Dataplex
2024-08-02 5:00:00,0.0,1044465.0,byte-seconds,Dataplex
2024-08-02 5:00:00,0.0,60289740.0,byte-seconds,Dataplex
2024-08-02 5:00:00,0.0,28918260.0,byte-seconds,Dataplex
2024-08-02 6:00:00,-1e-06,-2638800.0,byte-seconds,Dataplex
2024-08-02 6:00:00,-1e-06,-89208000.0,byte-seconds,Dataplex
2024-08-02 6:00:00,0.0,3222000.0,byte-seconds,Dataplex
2024-08-02 6:00:00,0.0,89208000.0,byte-seconds,Dataplex
2024-08-02 7:00:00,-1e-06,-2638800.0,byte-seconds,Dataplex
2024-08-02 7:00:00,-1e-06,-89208000.0,byte-seconds,Dataplex
2024-08-02 7:00:00,0.0,2488100.0,byte-seconds,Dataplex
2024-08-02 7:00:00,0.0,733900.0,byte-seconds,Dataplex
2024-08-02 7:00:00,0.0,89208000.0,byte-seconds,Dataplex
2024-08-02 8:00:00,0.0,583200.0,byte-seconds,Dataplex
2024-08-02 9:00:00,0.0,583200.0,byte-seconds,Dataplex
2024-08-02 10:00:00,0.0,583200.0,byte-seconds,Dataplex
2024-08-02 11:00:00,0.0,583200.0,byte-seconds,Dataplex
2024-08-02 12:00:00,0.0,583200.0,byte-seconds,Dataplex
2024-08-02 13:00:00,0.0,583200.0,byte-seconds,Dataplex
2024-08-02 14:00:00,0.0,137700.0,byte-seconds,Dataplex
2024-08-02 14:00:00,0.0,445500.0,byte-seconds,Dataplex
2024-08-02 15:00:00,0.0,583200.0,byte-seconds,Dataplex
2024-08-02 16:00:00,0.0,38556.0,byte-seconds,Dataplex
2024-08-02 16:00:00,0.0,399006.0,byte-seconds,Dataplex
2024-08-02 16:00:00,0.0,145638.0,byte-seconds,Dataplex
2024-08-02 17:00:00,0.0,583200.0,byte-seconds,Dataplex
2024-08-02 18:00:00,0.0,494586.0,byte-seconds,Dataplex
2024-08-02 18:00:00,0.0,88614.0,byte-seconds,Dataplex
2024-08-02 19:00:00,0.0,583200.0,byte-seconds,Dataplex
2024-08-02 20:00:00,0.0,250938.0,byte-seconds,Dataplex
2024-08-02 20:00:00,0.0,332262.0,byte-seconds,Dataplex
2024-08-02 21:00:00,0.0,583200.0,byte-seconds,Dataplex
2024-08-02 22:00:00,0.0,583200.0,byte-seconds,Dataplex
2024-08-02 23:00:00,0.0,102546.0,byte-seconds,Dataplex
2024-08-02 23:00:00,0.0,480654.0,byte-seconds,Dataplex
2024-08-03 0:00:00,0.0,10044.0,byte-seconds,Dataplex
2024-08-03 0:00:00,0.0,573156.0,byte-seconds,Dataplex
2024-08-03 1:00:00,0.0,583200.0,byte-seconds,Dataplex
2024-08-03 2:00:00,0.0,583200.0,byte-seconds,Dataplex
2024-08-03 3:00:00,0.0,583200.0,byte-seconds,Dataplex
2024-08-03 4:00:00,0.0,39690.0,byte-seconds,Dataplex
2024-08-03 4:00:00,0.0,543510.0,byte-seconds,Dataplex
2024-08-03 5:00:00,0.0,583200.0,byte-seconds,Dataplex
2024-08-03 6:00:00,0.0,583200.0,byte-seconds,Dataplex
2024-08-03 7:00:00,0.0,583200.0,byte-seconds,Dataplex
2024-08-03 8:00:00,0.0,583200.0,byte-seconds,Dataplex
2024-08-03 9:00:00,0.0,583200.0,byte-seconds,Dataplex
2024-08-03 10:00:00,0.0,583200.0,byte-seconds,Dataplex
2024-08-03 11:00:00,0.0,583200.0,byte-seconds,Dataplex
2024-08-03 12:00:00,0.0,583200.0,byte-seconds,Dataplex
2024-08-03 13:00:00,0.0,583200.0,byte-seconds,Dataplex
2024-08-03 14:00:00,0.0,428328.0,byte-seconds,Dataplex
2024-08-03 14:00:00,0.0,154872.0,byte-seconds,Dataplex
2024-08-03 15:00:00,0.0,330318.0,byte-seconds,Dataplex
2024-08-03 15:00:00,0.0,252882.0,byte-seconds,Dataplex
2024-08-03 16:00:00,0.0,176094.0,byte-seconds,Dataplex
2024-08-03 16:00:00,0.0,407106.0,byte-seconds,Dataplex
2024-08-03 17:00:00,0.0,583200.0,byte-seconds,Dataplex
2024-08-03 18:00:00,0.0,572184.0,byte-seconds,Dataplex
2024-08-03 18:00:00,0.0,11016.0,byte-seconds,Dataplex
2024-08-03 19:00:00,0.0,303426.0,byte-seconds,Dataplex
2024-08-03 19:00:00,0.0,279774.0,byte-seconds,Dataplex
2024-08-03 20:00:00,0.0,40014.0,byte-seconds,Dataplex
2024-08-03 20:00:00,0.0,543186.0,byte-seconds,Dataplex
2024-08-03 21:00:00,0.0,185814.0,byte-seconds,Dataplex
2024-08-03 21:00:00,0.0,397386.0,byte-seconds,Dataplex
2024-08-03 22:00:00,0.0,583200.0,byte-seconds,Dataplex
2024-08-03 23:00:00,0.0,331290.0,byte-seconds,Dataplex
2024-08-03 23:00:00,0.0,251910.0,byte-seconds,Dataplex
2024-08-04 0:00:00,0.0,544158.0,byte-seconds,Dataplex
2024-08-04 0:00:00,0.0,39042.0,byte-seconds,Dataplex
2024-08-04 1:00:00,0.0,447120.0,byte-seconds,Dataplex
2024-08-04 1:00:00,0.0,136080.0,byte-seconds,Dataplex
2024-08-04 2:00:00,0.0,275400.0,byte-seconds,Dataplex
2024-08-04 2:00:00,0.0,307800.0,byte-seconds,Dataplex
2024-08-04 3:00:00,0.0,583200.0,byte-seconds,Dataplex
2024-08-04 4:00:00,0.0,583200.0,byte-seconds,Dataplex
2024-08-04 5:00:00,0.0,583200.0,byte-seconds,Dataplex
2024-08-04 6:00:00,0.0,583200.0,byte-seconds,Dataplex
2024-08-04 7:00:00,0.0,250614.0,byte-seconds,Dataplex
2024-08-04 7:00:00,0.0,332586.0,byte-seconds,Dataplex
2024-08-04 8:00:00,0.0,583200.0,byte-seconds,Dataplex
2024-08-04 9:00:00,0.0,583200.0,byte-seconds,Dataplex
2024-08-04 10:00:00,0.0,583200.0,byte-seconds,Dataplex
2024-08-04 11:00:00,0.0,583200.0,byte-seconds,Dataplex
2024-08-04 12:00:00,0.0,450036.0,byte-seconds,Dataplex
2024-08-04 12:00:00,0.0,133164.0,byte-seconds,Dataplex
2024-08-04 13:00:00,0.0,583200.0,byte-seconds,Dataplex
2024-08-04 14:00:00,0.0,570726.0,byte-seconds,Dataplex
2024-08-04 14:00:00,0.0,12474.0,byte-seconds,Dataplex
2024-08-04 15:00:00,0.0,206064.0,byte-seconds,Dataplex
2024-08-04 15:00:00,0.0,377136.0,byte-seconds,Dataplex
2024-08-04 16:00:00,0.0,177228.0,byte-seconds,Dataplex
2024-08-04 16:00:00,0.0,405972.0,byte-seconds,Dataplex
2024-08-04 17:00:00,0.0,583200.0,byte-seconds,Dataplex
2024-08-04 18:00:00,0.0,186462.0,byte-seconds,Dataplex
2024-08-04 18:00:00,0.0,396738.0,byte-seconds,Dataplex
2024-08-04 19:00:00,0.0,373896.0,byte-seconds,Dataplex
2024-08-04 19:00:00,0.0,209304.0,byte-seconds,Dataplex
2024-08-04 20:00:00,0.0,583200.0,byte-seconds,Dataplex
2024-08-04 21:00:00,0.0,583200.0,byte-seconds,Dataplex
2024-08-04 22:00:00,0.0,250938.0,byte-seconds,Dataplex
2024-08-04 22:00:00,0.0,332262.0,byte-seconds,Dataplex
2024-08-04 23:00:00,0.0,431082.0,byte-seconds,Dataplex
2024-08-04 23:00:00,0.0,110808.0,byte-seconds,Dataplex
2024-08-04 23:00:00,0.0,41310.0,byte-seconds,Dataplex
2024-08-05 0:00:00,0.0,182574.0,byte-seconds,Dataplex
2024-08-05 0:00:00,0.0,400626.0,byte-seconds,Dataplex
2024-08-05 1:00:00,0.0,256122.0,byte-seconds,Dataplex
2024-08-05 1:00:00,0.0,327078.0,byte-seconds,Dataplex
2024-08-05 2:00:00,0.0,446472.0,byte-seconds,Dataplex
2024-08-05 2:00:00,0.0,136728.0,byte-seconds,Dataplex
2024-08-05 3:00:00,0.0,583200.0,byte-seconds,Dataplex
2024-08-05 4:00:00,0.0,583200.0,byte-seconds,Dataplex
2024-08-05 5:00:00,0.0,583200.0,byte-seconds,Dataplex
2024-08-05 6:00:00,0.0,583200.0,byte-seconds,Dataplex
2024-08-05 7:00:00,0.0,583200.0,byte-seconds,Dataplex
2024-08-05 8:00:00,0.0,583200.0,byte-seconds,Dataplex
2024-08-05 9:00:00,0.0,583200.0,byte-seconds,Dataplex
2024-08-05 10:00:00,0.0,583200.0,byte-seconds,Dataplex
2024-08-05 11:00:00,0.0,583200.0,byte-seconds,Dataplex
2024-08-05 12:00:00,0.0,89586.0,byte-seconds,Dataplex
2024-08-05 12:00:00,0.0,493614.0,byte-seconds,Dataplex
2024-08-05 13:00:00,0.0,252234.0,byte-seconds,Dataplex
2024-08-05 13:00:00,0.0,330966.0,byte-seconds,Dataplex
2024-08-05 14:00:00,0.0,137862.0,byte-seconds,Dataplex
2024-08-05 14:00:00,0.0,445338.0,byte-seconds,Dataplex
2024-08-05 15:00:00,0.0,583200.0,byte-seconds,Dataplex
2024-08-05 16:00:00,0.0,464454.0,byte-seconds,Dataplex
2024-08-05 16:00:00,0.0,118746.0,byte-seconds,Dataplex
2024-08-05 17:00:00,0.0,104004.0,byte-seconds,Dataplex
2024-08-05 17:00:00,0.0,479196.0,byte-seconds,Dataplex
2024-08-05 18:00:00,0.0,583200.0,byte-seconds,Dataplex
2024-08-05 19:00:00,0.0,253206.0,byte-seconds,Dataplex
2024-08-05 19:00:00,0.0,329994.0,byte-seconds,Dataplex
2024-08-05 20:00:00,0.0,330480.0,byte-seconds,Dataplex
2024-08-05 20:00:00,0.0,252720.0,byte-seconds,Dataplex
2024-08-05 21:00:00,0.0,583200.0,byte-seconds,Dataplex
2024-08-05 22:00:00,0.0,583200.0,byte-seconds,Dataplex
2024-08-05 23:00:00,0.0,62856.0,byte-seconds,Dataplex
2024-08-05 23:00:00,0.0,520344.0,byte-seconds,Dataplex
2024-08-06 0:00:00,0.0,214164.0,byte-seconds,Dataplex
2024-08-06 0:00:00,0.0,369036.0,byte-seconds,Dataplex
2024-08-06 1:00:00,0.0,180144.0,byte-seconds,Dataplex
2024-08-06 1:00:00,0.0,403056.0,byte-seconds,Dataplex
2024-08-06 2:00:00,0.0,339066.0,byte-seconds,Dataplex
2024-08-06 2:00:00,0.0,244134.0,byte-seconds,Dataplex
2024-08-06 3:00:00,0.0,583200.0,byte-seconds,Dataplex
2024-08-06 4:00:00,0.0,58158.0,byte-seconds,Dataplex
2024-08-06 4:00:00,0.0,525042.0,byte-seconds,Dataplex
2024-08-06 5:00:00,0.0,583200.0,byte-seconds,Dataplex
2024-08-06 6:00:00,0.0,435618.0,byte-seconds,Dataplex
2024-08-06 6:00:00,0.0,147582.0,byte-seconds,Dataplex
2024-08-06 7:00:00,0.0,583200.0,byte-seconds,Dataplex
2024-08-06 8:00:00,0.0,583200.0,byte-seconds,Dataplex
2024-08-06 9:00:00,0.0,583200.0,byte-seconds,Dataplex
2024-08-06 10:00:00,0.0,583200.0,byte-seconds,Dataplex
2024-08-06 11:00:00,0.0,583200.0,byte-seconds,Dataplex
2024-08-06 12:00:00,0.0,202986.0,byte-seconds,Dataplex
2024-08-06 12:00:00,0.0,380214.0,byte-seconds,Dataplex
2024-08-06 13:00:00,0.0,287874.0,byte-seconds,Dataplex
2024-08-06 13:00:00,0.0,295326.0,byte-seconds,Dataplex
2024-08-06 14:00:00,0.0,583200.0,byte-seconds,Dataplex
2024-08-06 15:00:00,0.0,388962.0,byte-seconds,Dataplex
2024-08-06 15:00:00,0.0,194238.0,byte-seconds,Dataplex
2024-08-06 16:00:00,0.0,318168.0,byte-seconds,Dataplex
2024-08-06 16:00:00,0.0,265032.0,byte-seconds,Dataplex
2024-08-06 17:00:00,0.0,583200.0,byte-seconds,Dataplex
2024-08-06 18:00:00,0.0,494262.0,byte-seconds,Dataplex
2024-08-06 18:00:00,0.0,88938.0,byte-seconds,Dataplex
2024-08-06 19:00:00,0.0,583200.0,byte-seconds,Dataplex
2024-08-06 20:00:00,0.0,201528.0,byte-seconds,Dataplex
2024-08-06 20:00:00,0.0,381672.0,byte-seconds,Dataplex
2024-08-06 21:00:00,0.0,116154.0,byte-seconds,Dataplex
2024-08-06 21:00:00,0.0,467046.0,byte-seconds,Dataplex
2024-08-06 22:00:00,0.0,583200.0,byte-seconds,Dataplex
2024-08-06 23:00:00,0.0,583200.0,byte-seconds,Dataplex
2024-08-07 0:00:00,0.0,467856.0,byte-seconds,Dataplex
2024-08-07 0:00:00,0.0,115344.0,byte-seconds,Dataplex
2024-08-07 1:00:00,0.0,328212.0,byte-seconds,Dataplex
2024-08-07 1:00:00,0.0,254988.0,byte-seconds,Dataplex
2024-08-07 2:00:00,0.0,136890.0,byte-seconds,Dataplex
2024-08-07 2:00:00,0.0,446310.0,byte-seconds,Dataplex
2024-08-07 3:00:00,0.0,513216.0,byte-seconds,Dataplex
2024-08-07 3:00:00,0.0,69984.0,byte-seconds,Dataplex
2024-08-07 4:00:00,0.0,583200.0,byte-seconds,Dataplex
2024-08-07 5:00:00,0.0,126846.0,byte-seconds,Dataplex
2024-08-07 5:00:00,0.0,456354.0,byte-seconds,Dataplex
2024-08-07 6:00:00,0.0,583200.0,byte-seconds,Dataplex
2024-08-07 7:00:00,0.0,203796.0,byte-seconds,Dataplex
2024-08-07 7:00:00,0.0,379404.0,byte-seconds,Dataplex
2024-08-07 8:00:00,0.0,583200.0,byte-seconds,Dataplex
2024-08-07 9:00:00,0.0,583200.0,byte-seconds,Dataplex
2024-08-07 10:00:00,0.0,583200.0,byte-seconds,Dataplex
2024-08-07 11:00:00,0.0,583200.0,byte-seconds,Dataplex
2024-08-07 12:00:00,0.0,563760.0,byte-seconds,Dataplex
2024-08-07 12:00:00,0.0,19440.0,byte-seconds,Dataplex
2024-08-07 13:00:00,0.0,135918.0,byte-seconds,Dataplex
2024-08-07 13:00:00,0.0,447282.0,byte-seconds,Dataplex
2024-08-07 14:00:00,0.0,583200.0,byte-seconds,Dataplex
2024-08-07 15:00:00,0.0,123444.0,byte-seconds,Dataplex
2024-08-07 15:00:00,0.0,459756.0,byte-seconds,Dataplex
2024-08-07 16:00:00,0.0,583200.0,byte-seconds,Dataplex
2024-08-07 17:00:00,0.0,462996.0,byte-seconds,Dataplex
2024-08-07 17:00:00,0.0,120204.0,byte-seconds,Dataplex
2024-08-07 18:00:00,0.0,583200.0,byte-seconds,Dataplex
2024-08-07 19:00:00,0.0,216108.0,byte-seconds,Dataplex
2024-08-07 19:00:00,0.0,367092.0,byte-seconds,Dataplex
2024-08-07 20:00:00,0.0,206712.0,byte-seconds,Dataplex
2024-08-07 20:00:00,0.0,376488.0,byte-seconds,Dataplex
2024-08-07 21:00:00,0.0,583200.0,byte-seconds,Dataplex
2024-08-07 22:00:00,0.0,86022.0,byte-seconds,Dataplex
2024-08-07 22:00:00,0.0,486486.0,byte-seconds,Dataplex
2024-08-07 22:00:00,0.0,10692.0,byte-seconds,Dataplex
2024-08-07 23:00:00,0.0,583200.0,byte-seconds,Dataplex
2024-08-08 0:00:00,0.0,223722.0,byte-seconds,Dataplex
2024-08-08 0:00:00,0.0,359478.0,byte-seconds,Dataplex
2024-08-08 1:00:00,0.0,263088.0,byte-seconds,Dataplex
2024-08-08 1:00:00,0.0,320112.0,byte-seconds,Dataplex
2024-08-08 2:00:00,0.0,583200.0,byte-seconds,Dataplex
2024-08-08 3:00:00,0.0,433350.0,byte-seconds,Dataplex
2024-08-08 3:00:00,0.0,149850.0,byte-seconds,Dataplex
2024-08-08 4:00:00,0.0,583200.0,byte-seconds,Dataplex
2024-08-08 5:00:00,0.0,469152.0,byte-seconds,Dataplex
2024-08-08 5:00:00,0.0,114048.0,byte-seconds,Dataplex
2024-08-08 6:00:00,0.0,106272.0,byte-seconds,Dataplex
2024-08-08 6:00:00,0.0,476928.0,byte-seconds,Dataplex
2024-08-08 7:00:00,0.0,110808.0,byte-seconds,Dataplex
2024-08-08 7:00:00,0.0,472392.0,byte-seconds,Dataplex
2024-08-08 8:00:00,0.0,583200.0,byte-seconds,Dataplex
2024-08-08 9:00:00,0.0,583200.0,byte-seconds,Dataplex
2024-08-08 10:00:00,0.0,21708.0,byte-seconds,Dataplex
2024-08-08 10:00:00,0.0,561492.0,byte-seconds,Dataplex
2024-08-08 11:00:00,0.0,583200.0,byte-seconds,Dataplex
2024-08-08 12:00:00,0.0,583200.0,byte-seconds,Dataplex
2024-08-08 13:00:00,0.0,38394.0,byte-seconds,Dataplex
2024-08-08 13:00:00,0.0,110322.0,byte-seconds,Dataplex
2024-08-08 13:00:00,0.0,434484.0,byte-seconds,Dataplex
2024-08-08 14:00:00,0.0,182412.0,byte-seconds,Dataplex
2024-08-08 14:00:00,0.0,400788.0,byte-seconds,Dataplex
2024-08-08 15:00:00,0.0,302616.0,byte-seconds,Dataplex
2024-08-08 15:00:00,0.0,280584.0,byte-seconds,Dataplex
2024-08-08 16:00:00,0.0,331776.0,byte-seconds,Dataplex
2024-08-08 16:00:00,0.0,251424.0,byte-seconds,Dataplex
2024-08-08 17:00:00,0.0,108702.0,byte-seconds,Dataplex
2024-08-08 17:00:00,0.0,474498.0,byte-seconds,Dataplex
2024-08-08 18:00:00,0.0,496530.0,byte-seconds,Dataplex
2024-08-08 18:00:00,0.0,86670.0,byte-seconds,Dataplex
2024-08-08 19:00:00,0.0,583200.0,byte-seconds,Dataplex
2024-08-08 20:00:00,0.0,583200.0,byte-seconds,Dataplex
2024-08-08 21:00:00,0.0,381510.0,byte-seconds,Dataplex
2024-08-08 21:00:00,0.0,201690.0,byte-seconds,Dataplex
2024-08-08 22:00:00,0.0,583200.0,byte-seconds,Dataplex
2024-08-08 23:00:00,0.0,583200.0,byte-seconds,Dataplex
2024-08-09 0:00:00,0.0,114534.0,byte-seconds,Dataplex
2024-08-09 0:00:00,0.0,468666.0,byte-seconds,Dataplex
2024-08-09 1:00:00,0.0,583200.0,byte-seconds,Dataplex
2024-08-09 2:00:00,0.0,8424.0,byte-seconds,Dataplex
2024-08-09 2:00:00,0.0,40824.0,byte-seconds,Dataplex
2024-08-09 2:00:00,0.0,533952.0,byte-seconds,Dataplex
2024-08-09 3:00:00,0.0,583200.0,byte-seconds,Dataplex
2024-08-09 4:00:00,0.0,39042.0,byte-seconds,Dataplex
2024-08-09 4:00:00,0.0,544158.0,byte-seconds,Dataplex
2024-08-09 5:00:00,0.0,35802.0,byte-seconds,Dataplex
2024-08-09 5:00:00,0.0,547398.0,byte-seconds,Dataplex
2024-08-09 6:00:00,0.0,583200.0,byte-seconds,Dataplex
2024-08-09 7:00:00,0.0,572508.0,byte-seconds,Dataplex
2024-08-09 7:00:00,0.0,10692.0,byte-seconds,Dataplex
2024-08-09 8:00:00,0.0,583200.0,byte-seconds,Dataplex
2024-08-09 9:00:00,0.0,583200.0,byte-seconds,Dataplex
2024-08-09 10:00:00,0.0,13932.0,byte-seconds,Dataplex
2024-08-09 10:00:00,0.0,569268.0,byte-seconds,Dataplex
2024-08-09 11:00:00,0.0,583200.0,byte-seconds,Dataplex
2024-08-09 12:00:00,0.0,231174.0,byte-seconds,Dataplex
2024-08-09 12:00:00,0.0,352026.0,byte-seconds,Dataplex
2024-08-09 13:00:00,0.0,423468.0,byte-seconds,Dataplex
2024-08-09 13:00:00,0.0,159732.0,byte-seconds,Dataplex
2024-08-09 14:00:00,0.0,583200.0,byte-seconds,Dataplex
2024-08-09 15:00:00,0.0,583200.0,byte-seconds,Dataplex
2024-08-09 16:00:00,0.0,114048.0,byte-seconds,Dataplex
2024-08-09 16:00:00,0.0,469152.0,byte-seconds,Dataplex
2024-08-09 17:00:00,0.0,396900.0,byte-seconds,Dataplex
2024-08-09 17:00:00,0.0,186300.0,byte-seconds,Dataplex
2024-08-09 18:00:00,0.0,254988.0,byte-seconds,Dataplex
2024-08-09 18:00:00,0.0,328212.0,byte-seconds,Dataplex
2024-08-09 19:00:00,0.0,134460.0,byte-seconds,Dataplex
2024-08-09 19:00:00,0.0,448740.0,byte-seconds,Dataplex
2024-08-09 20:00:00,0.0,102222.0,byte-seconds,Dataplex
2024-08-09 20:00:00,0.0,480978.0,byte-seconds,Dataplex
2024-08-09 21:00:00,0.0,88452.0,byte-seconds,Dataplex
2024-08-09 21:00:00,0.0,494748.0,byte-seconds,Dataplex
2024-08-09 22:00:00,0.0,182412.0,byte-seconds,Dataplex
2024-08-09 22:00:00,0.0,400788.0,byte-seconds,Dataplex
2024-08-09 23:00:00,0.0,583200.0,byte-seconds,Dataplex
2024-08-10 0:00:00,0.0,305046.0,byte-seconds,Dataplex
2024-08-10 0:00:00,0.0,278154.0,byte-seconds,Dataplex
2024-08-10 1:00:00,0.0,583200.0,byte-seconds,Dataplex
2024-08-10 2:00:00,0.0,142074.0,byte-seconds,Dataplex
2024-08-10 2:00:00,0.0,441126.0,byte-seconds,Dataplex
2024-08-10 3:00:00,0.0,127494.0,byte-seconds,Dataplex
2024-08-10 3:00:00,0.0,455706.0,byte-seconds,Dataplex
2024-08-10 4:00:00,0.0,482760.0,byte-seconds,Dataplex
2024-08-10 4:00:00,0.0,100440.0,byte-seconds,Dataplex
2024-08-10 5:00:00,0.0,0.0,byte-seconds,Dataplex
2024-08-10 5:00:00,0.0,0.0,byte-seconds,Dataplex
2024-08-10 5:00:00,0.0,455544.0,byte-seconds,Dataplex
2024-08-10 5:00:00,0.0,127656.0,byte-seconds,Dataplex
2024-08-10 5:00:00,0.0,0.0,byte-seconds,Dataplex
2024-08-10 6:00:00,0.0,583200.0,byte-seconds,Dataplex
2024-08-10 7:00:00,0.0,544158.0,byte-seconds,Dataplex
2024-08-10 7:00:00,0.0,39042.0,byte-seconds,Dataplex
2024-08-10 8:00:00,0.0,583200.0,byte-seconds,Dataplex
2024-08-10 9:00:00,0.0,583200.0,byte-seconds,Dataplex
2024-08-10 10:00:00,0.0,583200.0,byte-seconds,Dataplex
2024-08-10 11:00:00,0.0,583200.0,byte-seconds,Dataplex
2024-08-10 12:00:00,0.0,573804.0,byte-seconds,Dataplex
2024-08-10 12:00:00,0.0,9396.0,byte-seconds,Dataplex
2024-08-10 13:00:00,0.0,145962.0,byte-seconds,Dataplex
2024-08-10 13:00:00,0.0,437238.0,byte-seconds,Dataplex
2024-08-10 14:00:00,0.0,234576.0,byte-seconds,Dataplex
2024-08-10 14:00:00,0.0,348624.0,byte-seconds,Dataplex
2024-08-10 15:00:00,0.0,583200.0,byte-seconds,Dataplex
2024-08-10 16:00:00,0.0,349758.0,byte-seconds,Dataplex
2024-08-10 16:00:00,0.0,233442.0,byte-seconds,Dataplex
2024-08-10 17:00:00,0.0,208170.0,byte-seconds,Dataplex
2024-08-10 17:00:00,0.0,375030.0,byte-seconds,Dataplex
2024-08-10 18:00:00,0.0,38394.0,byte-seconds,Dataplex
2024-08-10 18:00:00,0.0,544806.0,byte-seconds,Dataplex
2024-08-10 19:00:00,0.0,583200.0,byte-seconds,Dataplex
2024-08-10 20:00:00,0.0,434646.0,byte-seconds,Dataplex
2024-08-10 20:00:00,0.0,148554.0,byte-seconds,Dataplex
2024-08-10 21:00:00,0.0,137214.0,byte-seconds,Dataplex
2024-08-10 21:00:00,0.0,445986.0,byte-seconds,Dataplex
2024-08-10 22:00:00,0.0,583200.0,byte-seconds,Dataplex
2024-08-10 23:00:00,0.0,32400.0,byte-seconds,Dataplex
2024-08-10 23:00:00,0.0,416502.0,byte-seconds,Dataplex
2024-08-10 23:00:00,0.0,134298.0,byte-seconds,Dataplex
2024-08-11 0:00:00,0.0,583200.0,byte-seconds,Dataplex
2024-08-11 1:00:00,0.0,234414.0,byte-seconds,Dataplex
2024-08-11 1:00:00,0.0,348786.0,byte-seconds,Dataplex
2024-08-11 2:00:00,0.0,583200.0,byte-seconds,Dataplex
2024-08-11 3:00:00,0.0,116802.0,byte-seconds,Dataplex
2024-08-11 3:00:00,0.0,466398.0,byte-seconds,Dataplex
2024-08-11 4:00:00,0.0,477576.0,byte-seconds,Dataplex
2024-08-11 4:00:00,0.0,105624.0,byte-seconds,Dataplex
2024-08-11 5:00:00,0.0,140616.0,byte-seconds,Dataplex
2024-08-11 5:00:00,0.0,442584.0,byte-seconds,Dataplex
2024-08-11 6:00:00,0.0,164916.0,byte-seconds,Dataplex
2024-08-11 6:00:00,0.0,418284.0,byte-seconds,Dataplex
2024-08-11 7:00:00,0.0,331614.0,byte-seconds,Dataplex
2024-08-11 7:00:00,0.0,251586.0,byte-seconds,Dataplex
2024-08-11 8:00:00,0.0,583200.0,byte-seconds,Dataplex
2024-08-11 9:00:00,0.0,583200.0,byte-seconds,Dataplex
2024-08-11 10:00:00,0.0,583200.0,byte-seconds,Dataplex
2024-08-11 11:00:00,0.0,583200.0,byte-seconds,Dataplex
2024-08-11 12:00:00,0.0,397710.0,byte-seconds,Dataplex
2024-08-11 12:00:00,0.0,185490.0,byte-seconds,Dataplex
2024-08-11 13:00:00,0.0,444528.0,byte-seconds,Dataplex
2024-08-11 13:00:00,0.0,138672.0,byte-seconds,Dataplex
2024-08-11 14:00:00,0.0,583200.0,byte-seconds,Dataplex
2024-08-11 15:00:00,0.0,573318.0,byte-seconds,Dataplex
2024-08-11 15:00:00,0.0,9882.0,byte-seconds,Dataplex
2024-08-11 16:00:00,0.0,0.0,byte-seconds,Dataplex
2024-08-11 16:00:00,0.0,0.0,byte-seconds,Dataplex
2024-08-11 16:00:00,0.0,0.0,byte-seconds,Dataplex
2024-08-11 16:00:00,0.0,495558.0,byte-seconds,Dataplex
2024-08-11 16:00:00,0.0,87642.0,byte-seconds,Dataplex
2024-08-11 17:00:00,0.0,280746.0,byte-seconds,Dataplex
2024-08-11 17:00:00,0.0,302454.0,byte-seconds,Dataplex
2024-08-11 18:00:00,0.0,419904.0,byte-seconds,Dataplex
2024-08-11 18:00:00,0.0,40824.0,byte-seconds,Dataplex
2024-08-11 18:00:00,0.0,122472.0,byte-seconds,Dataplex
2024-08-11 19:00:00,0.0,583200.0,byte-seconds,Dataplex
2024-08-11 20:00:00,0.0,429786.0,byte-seconds,Dataplex
2024-08-11 20:00:00,0.0,153414.0,byte-seconds,Dataplex
2024-08-11 21:00:00,0.0,137862.0,byte-seconds,Dataplex
2024-08-11 21:00:00,0.0,445338.0,byte-seconds,Dataplex
2024-08-11 22:00:00,0.0,583200.0,byte-seconds,Dataplex
2024-08-11 23:00:00,0.0,162000.0,byte-seconds,Dataplex
2024-08-11 23:00:00,0.0,421200.0,byte-seconds,Dataplex
2024-08-12 0:00:00,0.0,131058.0,byte-seconds,Dataplex
2024-08-12 0:00:00,0.0,452142.0,byte-seconds,Dataplex
2024-08-12 1:00:00,0.0,131220.0,byte-seconds,Dataplex
2024-08-12 1:00:00,0.0,451980.0,byte-seconds,Dataplex
2024-08-12 2:00:00,0.0,281880.0,byte-seconds,Dataplex
2024-08-12 2:00:00,0.0,301320.0,byte-seconds,Dataplex
2024-08-12 3:00:00,0.0,331290.0,byte-seconds,Dataplex
2024-08-12 3:00:00,0.0,251910.0,byte-seconds,Dataplex
2024-08-12 4:00:00,0.0,583200.0,byte-seconds,Dataplex
2024-08-12 5:00:00,0.0,134136.0,byte-seconds,Dataplex
2024-08-12 5:00:00,0.0,449064.0,byte-seconds,Dataplex
2024-08-12 6:00:00,0.0,347652.0,byte-seconds,Dataplex
2024-08-12 6:00:00,0.0,235548.0,byte-seconds,Dataplex
2024-08-12 7:00:00,0.0,583200.0,byte-seconds,Dataplex
2024-08-12 8:00:00,0.0,583200.0,byte-seconds,Dataplex
2024-08-12 9:00:00,0.0,583200.0,byte-seconds,Dataplex
2024-08-12 10:00:00,0.0,8748.0,byte-seconds,Dataplex
2024-08-12 10:00:00,0.0,574452.0,byte-seconds,Dataplex
2024-08-12 11:00:00,0.0,583200.0,byte-seconds,Dataplex
2024-08-12 12:00:00,0.0,181764.0,byte-seconds,Dataplex
2024-08-12 12:00:00,0.0,401436.0,byte-seconds,Dataplex
2024-08-12 13:00:00,0.0,583200.0,byte-seconds,Dataplex
2024-08-12 14:00:00,0.0,576882.0,byte-seconds,Dataplex
2024-08-12 14:00:00,0.0,6318.0,byte-seconds,Dataplex
2024-08-12 15:00:00,0.0,118422.0,byte-seconds,Dataplex
2024-08-12 15:00:00,0.0,464778.0,byte-seconds,Dataplex
2024-08-12 16:00:00,0.0,583200.0,byte-seconds,Dataplex
2024-08-12 17:00:00,0.0,203472.0,byte-seconds,Dataplex
2024-08-12 17:00:00,0.0,379728.0,byte-seconds,Dataplex
2024-08-12 18:00:00,0.0,176580.0,byte-seconds,Dataplex
2024-08-12 18:00:00,0.0,406620.0,byte-seconds,Dataplex
2024-08-12 19:00:00,0.0,583200.0,byte-seconds,Dataplex
2024-08-12 20:00:00,0.0,396900.0,byte-seconds,Dataplex
2024-08-12 20:00:00,0.0,186300.0,byte-seconds,Dataplex
2024-08-12 21:00:00,0.0,583200.0,byte-seconds,Dataplex
2024-08-12 22:00:00,0.0,376164.0,byte-seconds,Dataplex
2024-08-12 22:00:00,0.0,207036.0,byte-seconds,Dataplex
2024-08-12 23:00:00,0.0,468666.0,byte-seconds,Dataplex
2024-08-12 23:00:00,0.0,114534.0,byte-seconds,Dataplex
2024-08-13 0:00:00,0.0,118584.0,byte-seconds,Dataplex
2024-08-13 0:00:00,0.0,464616.0,byte-seconds,Dataplex
2024-08-13 1:00:00,0.0,456354.0,byte-seconds,Dataplex
2024-08-13 1:00:00,0.0,126846.0,byte-seconds,Dataplex
2024-08-13 2:00:00,0.0,348624.0,byte-seconds,Dataplex
2024-08-13 2:00:00,0.0,234576.0,byte-seconds,Dataplex
2024-08-13 3:00:00,0.0,583200.0,byte-seconds,Dataplex
2024-08-13 4:00:00,0.0,445662.0,byte-seconds,Dataplex
2024-08-13 4:00:00,0.0,137538.0,byte-seconds,Dataplex
2024-08-13 5:00:00,0.0,497016.0,byte-seconds,Dataplex
2024-08-13 5:00:00,0.0,86184.0,byte-seconds,Dataplex
2024-08-13 6:00:00,0.0,545130.0,byte-seconds,Dataplex
2024-08-13 6:00:00,0.0,38070.0,byte-seconds,Dataplex
2024-08-13 7:00:00,0.0,583200.0,byte-seconds,Dataplex
2024-08-13 8:00:00,0.0,583200.0,byte-seconds,Dataplex
2024-08-13 9:00:00,0.0,583200.0,byte-seconds,Dataplex
2024-08-13 10:00:00,0.0,583200.0,byte-seconds,Dataplex
2024-08-13 11:00:00,0.0,583200.0,byte-seconds,Dataplex
2024-08-13 12:00:00,0.0,476442.0,byte-seconds,Dataplex
2024-08-13 12:00:00,0.0,106758.0,byte-seconds,Dataplex
2024-08-13 13:00:00,0.0,583200.0,byte-seconds,Dataplex
2024-08-13 14:00:00,0.0,9234.0,byte-seconds,Dataplex
2024-08-13 14:00:00,0.0,395766.0,byte-seconds,Dataplex
2024-08-13 14:00:00,0.0,178200.0,byte-seconds,Dataplex
2024-08-13 15:00:00,0.0,168642.0,byte-seconds,Dataplex
2024-08-13 15:00:00,0.0,414558.0,byte-seconds,Dataplex
2024-08-13 16:00:00,0.0,347328.0,byte-seconds,Dataplex
2024-08-13 16:00:00,0.0,235872.0,byte-seconds,Dataplex
2024-08-13 17:00:00,0.0,583200.0,byte-seconds,Dataplex
2024-08-13 18:00:00,0.0,583200.0,byte-seconds,Dataplex
2024-08-13 19:00:00,0.0,113886.0,byte-seconds,Dataplex
2024-08-13 19:00:00,0.0,469314.0,byte-seconds,Dataplex
2024-08-13 20:00:00,0.0,32400.0,byte-seconds,Dataplex
2024-08-13 20:00:00,0.0,550800.0,byte-seconds,Dataplex
2024-08-13 21:00:00,0.0,448578.0,byte-seconds,Dataplex
2024-08-13 21:00:00,0.0,134622.0,byte-seconds,Dataplex
2024-08-13 22:00:00,0.0,583200.0,byte-seconds,Dataplex
2024-08-13 23:00:00,0.0,253206.0,byte-seconds,Dataplex
2024-08-13 23:00:00,0.0,329994.0,byte-seconds,Dataplex
2024-08-14 0:00:00,0.0,441450.0,byte-seconds,Dataplex
2024-08-14 0:00:00,0.0,141750.0,byte-seconds,Dataplex
2024-08-14 1:00:00,0.0,583200.0,byte-seconds,Dataplex
2024-08-14 2:00:00,0.0,33210.0,byte-seconds,Dataplex
2024-08-14 2:00:00,0.0,549990.0,byte-seconds,Dataplex
2024-08-14 3:00:00,0.0,569106.0,byte-seconds,Dataplex
2024-08-14 3:00:00,0.0,14094.0,byte-seconds,Dataplex
2024-08-14 4:00:00,0.0,583200.0,byte-seconds,Dataplex
2024-08-14 5:00:00,0.0,570402.0,byte-seconds,Dataplex
2024-08-14 5:00:00,0.0,12798.0,byte-seconds,Dataplex
2024-08-14 6:00:00,0.0,13770.0,byte-seconds,Dataplex
2024-08-14 6:00:00,0.0,569430.0,byte-seconds,Dataplex
2024-08-14 7:00:00,0.0,573156.0,byte-seconds,Dataplex
2024-08-14 7:00:00,0.0,10044.0,byte-seconds,Dataplex
2024-08-14 8:00:00,0.0,583200.0,byte-seconds,Dataplex
2024-08-14 9:00:00,0.0,583200.0,byte-seconds,Dataplex
2024-08-14 10:00:00,0.0,574776.0,byte-seconds,Dataplex
2024-08-14 10:00:00,0.0,8424.0,byte-seconds,Dataplex
2024-08-14 11:00:00,0.0,583200.0,byte-seconds,Dataplex
2024-08-14 12:00:00,0.0,583200.0,byte-seconds,Dataplex
2024-08-14 13:00:00,0.0,494262.0,byte-seconds,Dataplex
2024-08-14 13:00:00,0.0,88938.0,byte-seconds,Dataplex
2024-08-14 14:00:00,0.0,278154.0,byte-seconds,Dataplex
2024-08-14 14:00:00,0.0,305046.0,byte-seconds,Dataplex
2024-08-14 15:00:00,0.0,583200.0,byte-seconds,Dataplex
2024-08-14 16:00:00,0.0,251424.0,byte-seconds,Dataplex
2024-08-14 16:00:00,0.0,331776.0,byte-seconds,Dataplex
2024-08-14 17:00:00,0.0,115182.0,byte-seconds,Dataplex
2024-08-14 17:00:00,0.0,468018.0,byte-seconds,Dataplex
2024-08-14 18:00:00,0.0,396576.0,byte-seconds,Dataplex
2024-08-14 18:00:00,0.0,186624.0,byte-seconds,Dataplex
2024-08-14 19:00:00,0.0,583200.0,byte-seconds,Dataplex
2024-08-14 20:00:00,0.0,148554.0,byte-seconds,Dataplex
2024-08-14 20:00:00,0.0,434646.0,byte-seconds,Dataplex
2024-08-14 21:00:00,0.0,479196.0,byte-seconds,Dataplex
2024-08-14 21:00:00,0.0,104004.0,byte-seconds,Dataplex
2024-08-14 22:00:00,0.0,583200.0,byte-seconds,Dataplex
2024-08-14 23:00:00,0.0,573156.0,byte-seconds,Dataplex
2024-08-14 23:00:00,0.0,10044.0,byte-seconds,Dataplex
2024-08-15 0:00:00,0.0,14418.0,byte-seconds,Dataplex
2024-08-15 0:00:00,0.0,568782.0,byte-seconds,Dataplex
2024-08-15 1:00:00,0.0,497502.0,byte-seconds,Dataplex
2024-08-15 1:00:00,0.0,85698.0,byte-seconds,Dataplex
2024-08-15 2:00:00,0.0,452466.0,byte-seconds,Dataplex
2024-08-15 2:00:00,0.0,130734.0,byte-seconds,Dataplex
2024-08-15 3:00:00,0.0,583200.0,byte-seconds,Dataplex
2024-08-15 4:00:00,0.0,349920.0,byte-seconds,Dataplex
2024-08-15 4:00:00,0.0,233280.0,byte-seconds,Dataplex
2024-08-15 5:00:00,0.0,583200.0,byte-seconds,Dataplex
2024-08-15 6:00:00,0.0,302454.0,byte-seconds,Dataplex
2024-08-15 6:00:00,0.0,280746.0,byte-seconds,Dataplex
2024-08-15 7:00:00,0.0,328860.0,byte-seconds,Dataplex
2024-08-15 7:00:00,0.0,254340.0,byte-seconds,Dataplex
2024-08-15 8:00:00,0.0,583200.0,byte-seconds,Dataplex
2024-08-15 9:00:00,0.0,583200.0,byte-seconds,Dataplex
2024-08-15 10:00:00,0.0,574128.0,byte-seconds,Dataplex
2024-08-15 10:00:00,0.0,9072.0,byte-seconds,Dataplex
2024-08-15 11:00:00,0.0,583200.0,byte-seconds,Dataplex
2024-08-15 12:00:00,0.0,87804.0,byte-seconds,Dataplex
2024-08-15 12:00:00,0.0,495396.0,byte-seconds,Dataplex
2024-08-15 13:00:00,0.0,252396.0,byte-seconds,Dataplex
2024-08-15 13:00:00,0.0,330804.0,byte-seconds,Dataplex
2024-08-15 14:00:00,0.0,583200.0,byte-seconds,Dataplex
2024-08-15 15:00:00,0.0,351702.0,byte-seconds,Dataplex
2024-08-15 15:00:00,0.0,231498.0,byte-seconds,Dataplex
2024-08-15 16:00:00,0.0,583200.0,byte-seconds,Dataplex
2024-08-15 17:00:00,0.0,461214.0,byte-seconds,Dataplex
2024-08-15 17:00:00,0.0,87804.0,byte-seconds,Dataplex
2024-08-15 17:00:00,0.0,34182.0,byte-seconds,Dataplex
2024-08-15 18:00:00,0.0,583200.0,byte-seconds,Dataplex
2024-08-15 19:00:00,0.0,251910.0,byte-seconds,Dataplex
2024-08-15 19:00:00,0.0,331290.0,byte-seconds,Dataplex
2024-08-15 20:00:00,0.0,583200.0,byte-seconds,Dataplex
2024-08-15 21:00:00,0.0,478386.0,byte-seconds,Dataplex
2024-08-15 21:00:00,0.0,104814.0,byte-seconds,Dataplex
2024-08-15 22:00:00,0.0,493290.0,byte-seconds,Dataplex
2024-08-15 22:00:00,0.0,89910.0,byte-seconds,Dataplex
2024-08-15 23:00:00,0.0,583200.0,byte-seconds,Dataplex
2024-08-16 0:00:00,0.0,278316.0,byte-seconds,Dataplex
2024-08-16 0:00:00,0.0,304884.0,byte-seconds,Dataplex
2024-08-16 1:00:00,0.0,201366.0,byte-seconds,Dataplex
